url,label
http://example.net/products?id=123,0
https://secure-74.payment-check.test/account/password-reset,1
https://example.com/search?q=books,0
http://example.org/help,0
https://example.com/,0
https://login-52.verify-user.test/signin?continue=account,1
https://shop.example.com/about,0
https://account-68.login-alert.test/auth/validate,1
https://docs.example.net/products?id=123,0
https://example.com/search?q=books,0
https://example.com/help,0
http://account-9.signin-portal.test/secure/update,1
http://example.org/docs,0
https://example.org/contact,0
https://example.com/account,0
https://example.org/contact,0
http://portal.example.org/search?q=books,0
http://account-34.login-alert.test/secure/update,1
https://account-30.secure-account.test@redirect.test/account/password-reset,1
http://secure-61.account-confirm.test/signin?continue=account,1
https://example.org/products,0
https://example.org/help,0
https://login-43.update-profile.test@redirect.test/login,1
https://secure-25.account-confirm.test@redirect.test/secure/update,1
http://account-63.bank-security.test/verify/account,1
https://example.net/docs,0
https://example.net/,0
https://confirm-53.verify-user.test/account/password-reset,1
https://example.com/help,0
http://example.org/about,0
http://account-50.verify-user.test/account/password-reset,1
https://example.org/help,0
http://shop.example.com/news,0
https://docs.example.net/search?q=books,0
https://account-27.signin-portal.test/signin?continue=account,1
https://example.com/about,0
https://update-88.update-profile.test@redirect.test/login,1
https://example.net/,0
https://docs.example.net/products,0
http://portal.example.org/,0
http://portal.example.org/contact,0
https://example.org/contact,0
https://account-29.bank-security.test/payment/confirm,1
https://update-19.signin-portal.test/auth/validate,1
http://example.org/help,0
https://example.org/products,0
https://example.com/products,0
https://example.org/news,0
https://example.com/contact,0
http://update-10.update-profile.test/auth/validate,1
http://login-96.login-alert.test/signin?continue=account,1
https://login-40.login-alert.test@redirect.test/secure/update,1
https://confirm-4.update-profile.test/secure/update,1
http://example.org/docs,0
https://example.org/help,0
https://login-65.account-confirm.test@redirect.test/auth/validate,1
http://portal.example.org/about,0
https://account-39.signin-portal.test/signin?continue=account,1
https://docs.example.net/news,0
https://portal.example.org/about,0
http://login-44.login-alert.test/account/password-reset,1
https://example.net/products?id=123,0
https://example.org/help,0
https://example.org/docs,0
http://verify-91.login-alert.test/verify/account,1
https://confirm-56.secure-account.test/account/password-reset,1
https://example.net/about,0
https://example.org/about,0
http://verify-3.secure-account.test/secure/update,1
https://confirm-15.login-alert.test@redirect.test/auth/validate,1
https://verify-22.signin-portal.test/signin?continue=account,1
http://example.org/news,0
https://account-3.verify-user.test@redirect.test/auth/validate,1
http://login-0.update-profile.test@redirect.test/auth/validate,1
http://shop.example.com/account,0
https://confirm-55.account-confirm.test/signin?continue=account,1
http://confirm-9.account-confirm.test/signin?continue=account,1
https://example.net/contact,0
https://example.com/account,0
https://shop.example.com/products?id=123,0
https://example.org/about,0
http://secure-10.signin-portal.test/account/password-reset,1
https://confirm-4.account-confirm.test/payment/confirm,1
http://example.com/account,0
https://update-1.bank-security.test/auth/validate,1
http://login-0.payment-check.test/account/password-reset,1
http://shop.example.com/products?id=123,0
https://confirm-60.account-confirm.test@redirect.test/account/password-reset,1
http://portal.example.org/about,0
https://portal.example.org/docs,0
https://account-82.signin-portal.test/signin?continue=account,1
https://secure-7.verify-user.test/verify/account,1
https://example.com/products?id=123,0
https://portal.example.org/,0
https://docs.example.net/about,0
https://secure-83.payment-check.test@redirect.test/login,1
https://account-72.bank-security.test/secure/update,1
http://docs.example.net/contact,0
https://docs.example.net/search?q=books,0
https://example.org/products,0
http://portal.example.org/about,0
https://update-6.verify-user.test@redirect.test/login,1
https://confirm-95.signin-portal.test@redirect.test/auth/validate,1
https://shop.example.com/,0
http://example.org/search?q=books,0
https://docs.example.net/products,0
http://confirm-43.secure-account.test/secure/update,1
http://secure-45.login-alert.test@redirect.test/account/password-reset,1
https://docs.example.net/news,0
https://confirm-93.signin-portal.test/secure/update,1
https://portal.example.org/account,0
http://docs.example.net/products?id=123,0
https://confirm-54.bank-security.test/login,1
https://login-14.update-profile.test/account/password-reset,1
http://verify-13.secure-account.test/login,1
https://docs.example.net/account,0
https://example.net/about,0
https://account-31.secure-account.test/account/password-reset,1
https://example.org/docs,0
https://verify-37.secure-account.test/signin?continue=account,1
http://login-38.signin-portal.test/auth/validate,1
https://confirm-57.signin-portal.test/auth/validate,1
https://docs.example.net/,0
https://shop.example.com/,0
http://account-54.payment-check.test/verify/account,1
https://docs.example.net/,0
https://example.com/help,0
https://example.net/about,0
https://update-17.secure-account.test/auth/validate,1
http://update-48.bank-security.test/login,1
http://update-96.login-alert.test/account/password-reset,1
http://login-50.verify-user.test@redirect.test/login,1
https://verify-22.secure-account.test/payment/confirm,1
https://secure-76.update-profile.test/login,1
http://secure-70.account-confirm.test@redirect.test/signin?continue=account,1
http://docs.example.net/search?q=books,0
https://example.com/search?q=books,0
https://example.net/help,0
https://example.com/products,0
http://secure-67.login-alert.test/auth/validate,1
https://account-16.update-profile.test/verify/account,1
https://example.org/products?id=123,0
https://shop.example.com/account,0
https://example.org/contact,0
https://example.com/account,0
https://confirm-24.login-alert.test/secure/update,1
http://confirm-44.verify-user.test/account/password-reset,1
https://portal.example.org/news,0
http://example.org/account,0
http://account-43.secure-account.test/login,1
http://account-26.account-confirm.test/payment/confirm,1
https://account-38.payment-check.test@redirect.test/login,1
http://shop.example.com/products?id=123,0
http://login-90.verify-user.test/auth/validate,1
https://update-52.payment-check.test/verify/account,1
http://docs.example.net/news,0
http://confirm-28.login-alert.test/login,1
http://shop.example.com/search?q=books,0
https://account-17.update-profile.test/signin?continue=account,1
http://verify-46.account-confirm.test/verify/account,1
https://example.com/news,0
https://verify-65.bank-security.test/verify/account,1
http://docs.example.net/docs,0
https://account-11.verify-user.test@redirect.test/auth/validate,1
https://account-88.signin-portal.test/secure/update,1
https://shop.example.com/about,0
https://example.org/search?q=books,0
https://login-63.secure-account.test@redirect.test/account/password-reset,1
https://account-41.account-confirm.test/account/password-reset,1
https://example.com/products?id=123,0
https://shop.example.com/help,0
https://login-33.bank-security.test@redirect.test/account/password-reset,1
https://login-12.bank-security.test/auth/validate,1
http://login-68.signin-portal.test@redirect.test/payment/confirm,1
https://portal.example.org/about,0
https://example.org/help,0
http://update-24.update-profile.test/login,1
https://shop.example.com/help,0
https://account-59.account-confirm.test/verify/account,1
https://secure-20.login-alert.test/secure/update,1
http://confirm-8.account-confirm.test@redirect.test/login,1
http://update-4.bank-security.test/login,1
https://example.com/products?id=123,0
https://secure-30.payment-check.test/secure/update,1
http://secure-53.update-profile.test@redirect.test/auth/validate,1
https://account-14.account-confirm.test/signin?continue=account,1
https://verify-49.verify-user.test/account/password-reset,1
http://docs.example.net/about,0
https://login-76.account-confirm.test/login,1
https://confirm-24.update-profile.test/account/password-reset,1
http://example.net/help,0
https://example.net/products,0
https://portal.example.org/,0
https://docs.example.net/search?q=books,0
https://confirm-23.verify-user.test/signin?continue=account,1
https://secure-93.login-alert.test@redirect.test/auth/validate,1
http://verify-94.account-confirm.test/auth/validate,1
https://example.com/search?q=books,0
http://docs.example.net/search?q=books,0
https://example.com/docs,0
http://verify-27.update-profile.test/auth/validate,1
http://example.net/contact,0
https://example.org/products?id=123,0
https://example.org/about,0
https://portal.example.org/docs,0
https://portal.example.org/help,0
https://portal.example.org/help,0
https://example.com/,0
http://shop.example.com/help,0
http://secure-49.bank-security.test/account/password-reset,1
http://account-34.update-profile.test/signin?continue=account,1
http://portal.example.org/news,0
https://verify-40.verify-user.test/secure/update,1
http://account-28.payment-check.test@redirect.test/verify/account,1
https://confirm-82.account-confirm.test/auth/validate,1
http://portal.example.org/help,0
https://example.com/news,0
https://login-86.update-profile.test/payment/confirm,1
https://secure-55.login-alert.test/signin?continue=account,1
https://account-84.verify-user.test/login,1
https://secure-15.verify-user.test/account/password-reset,1
https://example.net/help,0
https://portal.example.org/contact,0
https://update-87.login-alert.test/account/password-reset,1
http://docs.example.net/search?q=books,0
https://confirm-3.update-profile.test/secure/update,1
https://example.com/contact,0
https://example.org/,0
https://example.org/contact,0
https://docs.example.net/search?q=books,0
http://confirm-81.verify-user.test/auth/validate,1
https://example.org/account,0
https://login-57.payment-check.test/login,1
http://account-8.login-alert.test/payment/confirm,1
http://update-37.secure-account.test/auth/validate,1
http://verify-5.update-profile.test@redirect.test/signin?continue=account,1
https://update-66.secure-account.test/payment/confirm,1
https://example.net/account,0
https://example.com/contact,0
https://secure-84.verify-user.test/signin?continue=account,1
https://example.org/account,0
https://secure-79.login-alert.test/signin?continue=account,1
https://login-16.verify-user.test/account/password-reset,1
https://portal.example.org/account,0
https://example.com/docs,0
https://example.org/account,0
https://confirm-62.account-confirm.test/login,1
https://shop.example.com/about,0
https://example.com/contact,0
https://verify-32.signin-portal.test/payment/confirm,1
https://example.com/about,0
https://shop.example.com/products?id=123,0
https://portal.example.org/products,0
http://account-40.verify-user.test/payment/confirm,1
https://secure-22.secure-account.test/auth/validate,1
http://update-26.login-alert.test@redirect.test/auth/validate,1
https://docs.example.net/search?q=books,0
https://update-51.update-profile.test@redirect.test/signin?continue=account,1
https://docs.example.net/products?id=123,0
http://example.net/,0
https://shop.example.com/products?id=123,0
http://confirm-33.secure-account.test/login,1
http://confirm-35.login-alert.test/payment/confirm,1
http://secure-46.signin-portal.test@redirect.test/signin?continue=account,1
https://confirm-69.payment-check.test/login,1
https://shop.example.com/help,0
https://verify-27.verify-user.test/secure/update,1
http://confirm-12.account-confirm.test/verify/account,1
http://secure-13.payment-check.test/secure/update,1
https://example.org/products,0
https://account-32.secure-account.test/secure/update,1
https://shop.example.com/contact,0
http://account-6.bank-security.test/payment/confirm,1
https://docs.example.net/products,0
http://account-14.verify-user.test/signin?continue=account,1
http://account-47.verify-user.test/account/password-reset,1
https://login-30.account-confirm.test/account/password-reset,1
https://shop.example.com/products?id=123,0
http://confirm-23.payment-check.test@redirect.test/payment/confirm,1
http://docs.example.net/account,0
http://secure-94.bank-security.test/verify/account,1
https://shop.example.com/search?q=books,0
https://example.org/account,0
https://docs.example.net/help,0
http://account-20.payment-check.test@redirect.test/signin?continue=account,1
http://login-7.account-confirm.test/verify/account,1
https://example.org/contact,0
http://secure-29.account-confirm.test/account/password-reset,1
http://update-64.signin-portal.test/account/password-reset,1
https://update-91.bank-security.test/login,1
https://login-73.bank-security.test@redirect.test/login,1
https://update-36.verify-user.test@redirect.test/verify/account,1
https://verify-89.signin-portal.test/signin?continue=account,1
http://login-78.secure-account.test/auth/validate,1
https://docs.example.net/docs,0
https://verify-23.account-confirm.test/account/password-reset,1
https://example.org/news,0
http://login-5.secure-account.test/verify/account,1
http://verify-13.bank-security.test@redirect.test/auth/validate,1
https://shop.example.com/help,0
https://example.com/about,0
http://update-85.payment-check.test/signin?continue=account,1
https://shop.example.com/products,0
https://example.net/,0
https://verify-36.update-profile.test/login,1
http://portal.example.org/,0
http://login-77.login-alert.test/secure/update,1
https://example.org/search?q=books,0
https://verify-35.bank-security.test/secure/update,1
http://verify-90.login-alert.test@redirect.test/auth/validate,1
https://secure-55.bank-security.test@redirect.test/account/password-reset,1
https://portal.example.org/news,0
http://shop.example.com/products,0
http://confirm-75.update-profile.test/account/password-reset,1
https://secure-11.signin-portal.test/secure/update,1
https://login-26.verify-user.test/verify/account,1
http://update-66.account-confirm.test/auth/validate,1
https://shop.example.com/news,0
https://example.com/products?id=123,0
http://verify-71.bank-security.test/payment/confirm,1
https://docs.example.net/contact,0
https://docs.example.net/about,0
https://docs.example.net/news,0
https://example.org/search?q=books,0
http://example.com/docs,0
https://shop.example.com/account,0
https://example.com/about,0
http://example.com/search?q=books,0
http://verify-92.secure-account.test/signin?continue=account,1
http://login-21.signin-portal.test/auth/validate,1
https://portal.example.org/products?id=123,0
https://docs.example.net/contact,0
https://confirm-10.payment-check.test@redirect.test/login,1
http://example.net/search?q=books,0
https://account-7.bank-security.test/payment/confirm,1
https://shop.example.com/contact,0
https://secure-19.login-alert.test/account/password-reset,1
https://portal.example.org/about,0
https://update-45.secure-account.test/payment/confirm,1
https://verify-2.verify-user.test/auth/validate,1
http://example.org/contact,0
https://confirm-36.payment-check.test/account/password-reset,1
http://verify-2.account-confirm.test/payment/confirm,1
https://confirm-44.update-profile.test/secure/update,1
http://confirm-67.verify-user.test/auth/validate,1
https://shop.example.com/docs,0
http://example.com/account,0
https://account-5.verify-user.test/payment/confirm,1
http://account-16.signin-portal.test@redirect.test/signin?continue=account,1
https://confirm-78.account-confirm.test@redirect.test/signin?continue=account,1
http://update-32.update-profile.test/login,1
http://example.net/account,0
https://login-89.secure-account.test/payment/confirm,1
http://account-48.account-confirm.test/account/password-reset,1
https://example.org/news,0
http://login-45.account-confirm.test/secure/update,1
http://docs.example.net/contact,0
https://secure-20.verify-user.test/account/password-reset,1
https://secure-86.login-alert.test/login,1
https://example.com/help,0
https://example.net/news,0
https://example.net/,0
https://login-31.bank-security.test@redirect.test/verify/account,1
https://account-35.secure-account.test@redirect.test/secure/update,1
http://example.com/help,0
http://portal.example.org/search?q=books,0
https://shop.example.com/contact,0
https://example.org/contact,0
https://secure-81.secure-account.test/payment/confirm,1
http://account-87.verify-user.test/account/password-reset,1
https://portal.example.org/contact,0
https://account-56.verify-user.test/signin?continue=account,1
http://update-0.login-alert.test/auth/validate,1
http://verify-47.update-profile.test/payment/confirm,1
https://portal.example.org/products,0
https://example.com/docs,0
http://example.com/docs,0
https://example.com/about,0
https://portal.example.org/search?q=books,0
https://portal.example.org/help,0
http://account-62.update-profile.test/secure/update,1
http://confirm-17.secure-account.test/account/password-reset,1
http://login-53.payment-check.test/account/password-reset,1
https://confirm-37.signin-portal.test/auth/validate,1
http://example.net/products,0
http://account-15.verify-user.test/secure/update,1
https://docs.example.net/about,0
http://example.com/account,0
http://secure-21.update-profile.test@redirect.test/auth/validate,1
https://secure-28.account-confirm.test/payment/confirm,1
https://update-8.bank-security.test/signin?continue=account,1
https://docs.example.net/search?q=books,0
https://account-18.secure-account.test@redirect.test/payment/confirm,1
https://example.com/,0
http://login-25.account-confirm.test/secure/update,1
https://update-61.bank-security.test/payment/confirm,1
https://example.net/about,0
https://login-92.login-alert.test/login,1
http://update-6.account-confirm.test/signin?continue=account,1
https://docs.example.net/account,0
https://update-59.signin-portal.test/signin?continue=account,1
http://portal.example.org/products?id=123,0
http://example.net/search?q=books,0
https://verify-83.secure-account.test/secure/update,1
https://login-42.verify-user.test/signin?continue=account,1
https://example.org/help,0
https://example.net/products?id=123,0
http://login-31.account-confirm.test/account/password-reset,1
https://login-58.account-confirm.test@redirect.test/signin?continue=account,1
https://account-33.update-profile.test/payment/confirm,1
http://account-47.verify-user.test/payment/confirm,1
https://update-77.verify-user.test/signin?continue=account,1
http://portal.example.org/news,0
http://update-80.bank-security.test/payment/confirm,1
http://login-54.update-profile.test/auth/validate,1
https://verify-64.bank-security.test/account/password-reset,1
https://example.com/account,0
http://account-29.secure-account.test/payment/confirm,1
https://update-42.account-confirm.test/login,1
https://example.net/docs,0
http://example.net/about,0
https://example.org/about,0
https://example.com/docs,0
https://example.com/help,0
http://shop.example.com/search?q=books,0
https://confirm-49.secure-account.test/signin?continue=account,1
https://docs.example.net/contact,0
https://account-9.login-alert.test/payment/confirm,1
http://example.net/products,0
http://example.net/products?id=123,0
http://secure-52.login-alert.test/login,1
http://shop.example.com/news,0
https://account-60.verify-user.test/verify/account,1
https://portal.example.org/news,0
https://login-73.account-confirm.test/secure/update,1
https://shop.example.com/,0
http://example.net/,0
https://shop.example.com/account,0
https://docs.example.net/about,0
https://portal.example.org/products,0
https://docs.example.net/help,0
https://secure-12.verify-user.test/secure/update,1
http://update-95.login-alert.test/login,1
https://example.com/products?id=123,0
https://confirm-69.signin-portal.test/signin?continue=account,1
http://confirm-75.payment-check.test@redirect.test/verify/account,1
http://login-79.secure-account.test/login,1
https://verify-39.secure-account.test/secure/update,1
http://login-1.payment-check.test/login,1
https://example.net/contact,0
http://update-46.payment-check.test/verify/account,1
http://login-18.update-profile.test/secure/update,1
http://secure-38.update-profile.test/verify/account,1
http://update-39.bank-security.test/account/password-reset,1
https://example.net/,0
http://confirm-2.account-confirm.test/payment/confirm,1
http://login-71.bank-security.test/signin?continue=account,1
http://account-48.payment-check.test@redirect.test/secure/update,1
https://portal.example.org/about,0
https://docs.example.net/about,0
https://secure-85.secure-account.test@redirect.test/verify/account,1
https://secure-41.payment-check.test/signin?continue=account,1
http://secure-42.signin-portal.test/account/password-reset,1
https://portal.example.org/about,0
http://account-58.payment-check.test/auth/validate,1
http://example.net/help,0
https://shop.example.com/account,0
https://portal.example.org/news,0
https://shop.example.com/products,0
http://example.org/contact,0
http://shop.example.com/help,0
https://shop.example.com/,0
https://login-70.update-profile.test/verify/account,1
https://confirm-80.payment-check.test@redirect.test/account/password-reset,1
https://verify-72.account-confirm.test/account/password-reset,1
http://secure-25.signin-portal.test/login,1
https://example.org/search?q=books,0
https://example.com/search?q=books,0
http://login-50.bank-security.test/secure/update,1
https://login-19.payment-check.test/auth/validate,1
https://docs.example.net/help,0
https://secure-41.account-confirm.test@redirect.test/auth/validate,1
https://account-21.update-profile.test/account/password-reset,1
https://shop.example.com/account,0
http://secure-74.login-alert.test/secure/update,1
https://update-11.bank-security.test/login,1
https://portal.example.org/products,0
https://shop.example.com/,0
https://verify-51.login-alert.test/payment/confirm,1
https://example.org/account,0
https://example.com/search?q=books,0
https://docs.example.net/contact,0
https://account-34.bank-security.test/account/password-reset,1
https://portal.example.org/about,0
http://login-1.payment-check.test@redirect.test/payment/confirm,1
https://example.org/news,0
http://portal.example.org/help,0
http://account-18.login-alert.test/verify/account,1
https://example.com/about,0
https://update-51.update-profile.test/signin?continue=account,1
http://login-850.verify-user.test/security/validation,1
https://example.com/about,0
https://account-851.login-alert.test/session/check,1
http://example.com/terms,0
http://secure-378.payment-check.test/login/confirm,1
https://docs.example.net/search?q=books,0
https://login-359.verify-user.test/security/validation,1
http://login-517.verify-user.test/auth/validate,1
https://user-695.security-confirm.test/user/restore-access,1
http://secure-742.account-verify.test/user/restore-access,1
http://secure-271.payment-check.test/security/validation,1
https://example.com/products,0
http://support-58.session-verify.test/account/verify,1
http://secure-990.payment-check.test/account/verify,1
http://login-114.verify-user.test/session/check,1
http://portal.example.org/blog/article-1,0
http://update-957.account-guard.test/signin?continue=account,1
https://support.example.com/privacy,0
http://docs.example.net/pricing,0
https://portal.example.org/products?id=123,0
http://portal.example.org/products,0
http://shop.example.com/products,0
https://news.example.org/category/books,0
http://shop.example.com/search?q=books,0
https://shop.example.com/help,0
http://secure-665.account-verify.test/payment/confirm,1
https://secure-440.account-verify.test/account/password-reset,1
http://account-852.login-alert.test/user/restore-access,1
https://support.example.com/,0
http://blog.example.net/products?id=123,0
https://account-725.signin-portal.test/session/check,1
http://docs.example.net/help,0
http://support.example.com/terms,0
http://docs.example.net/pricing,0
https://support.example.com/terms,0
https://auth-453.identity-check.test/login/confirm,1
https://billing-396.payment-review.test/auth/validate,1
http://auth-119.identity-check.test/signin?continue=account,1
http://portal.example.org/pricing,0
http://update-541.account-guard.test/payment/confirm,1
http://example.com/,0
http://auth-779.identity-check.test/account/password-reset,1
https://docs.example.net/help,0
http://example.org/products,0
https://example.net/faq,0
http://example.com/users/profile,0
http://shop.example.com/,0
https://shop.example.com/products?id=123,0
http://billing-196.payment-review.test/user/restore-access,1
https://billing-297.payment-review.test/signin?continue=account,1
http://support.example.com/orders/history,0
https://login-779.verify-user.test/signin?continue=account,1
http://shop.example.com/pricing,0
https://example.org/,0
http://account-342.signin-portal.test/auth/validate,1
https://news.example.org/blog/article-1,0
http://update-558.account-guard.test/security/validation,1
http://secure-125.account-verify.test/account/password-reset,1
http://support.example.com/about,0
https://blog.example.net/terms,0
http://login-20.verify-user.test/login/confirm,1
http://blog.example.net/pricing,0
https://billing-321.payment-review.test/login/confirm,1
http://secure-408.payment-check.test/login/confirm,1
https://support.example.com/blog/article-1,0
https://portal.example.org/docs,0
https://example.com/products?id=123,0
http://support.example.com/search?q=books,0
https://shop.example.com/orders/history,0
https://portal.example.org/products,0
https://auth-377.identity-check.test/security/validation,1
http://blog.example.net/contact,0
http://login-745.verify-user.test/payment/confirm,1
https://example.com/products,0
https://support.example.com/products,0
http://billing-866.payment-review.test/security/validation,1
https://auth-706.identity-check.test/login/confirm,1
https://news.example.org/search?q=books,0
http://news.example.org/products,0
http://example.com/search?q=books,0
https://news.example.org/orders/history,0
https://secure-333.payment-check.test/account/password-reset,1
https://billing-707.payment-review.test/login/confirm,1
https://news.example.org/products?id=123,0
http://user-620.security-confirm.test/session/check,1
http://secure-372.payment-check.test/login/confirm,1
http://docs.example.net/,0
https://login-279.verify-user.test/session/check,1
https://update-221.account-guard.test/payment/confirm,1
https://secure-130.payment-check.test/security/validation,1
https://example.com/contact,0
https://support-764.session-verify.test/session/check,1
https://auth-532.identity-check.test/session/check,1
http://example.net/orders/history,0
http://secure-473.account-verify.test/session/check,1
https://example.org/category/books,0
http://docs.example.net/users/profile,0
https://news.example.org/orders/history,0
https://support-779.session-verify.test/user/restore-access,1
https://auth-45.identity-check.test/payment/confirm,1
https://auth-788.identity-check.test/login/confirm,1
http://secure-471.account-verify.test/login/confirm,1
https://support.example.com/terms,0
https://shop.example.com/orders/history,0
http://portal.example.org/help,0
https://auth-622.identity-check.test/session/check,1
https://auth-91.identity-check.test/account/verify,1
http://secure-989.account-verify.test/session/check,1
https://account-783.login-alert.test/login/confirm,1
https://blog.example.net/pricing,0
https://login-453.verify-user.test/account/verify,1
http://user-84.security-confirm.test/user/restore-access,1
http://example.org/about,0
http://shop.example.com/terms,0
http://support.example.com/products?id=123,0
https://blog.example.net/,0
https://user-123.security-confirm.test/account/password-reset,1
https://update-96.account-guard.test/payment/confirm,1
https://blog.example.net/products?id=123,0
https://auth-518.identity-check.test/user/restore-access,1
http://secure-34.account-verify.test/account/verify,1
http://login-473.verify-user.test/signin?continue=account,1
http://shop.example.com/search?q=books,0
http://secure-160.payment-check.test/auth/validate,1
http://shop.example.com/help,0
http://shop.example.com/about,0
http://secure-865.account-verify.test/signin?continue=account,1
https://auth-456.identity-check.test/secure/update,1
https://support.example.com/about,0
http://account-821.signin-portal.test/user/restore-access,1
http://auth-923.identity-check.test/login/confirm,1
https://news.example.org/,0
http://account-585.signin-portal.test/payment/confirm,1
http://support.example.com/products?id=123,0
http://shop.example.com/search?q=books,0
https://example.org/category/books,0
https://shop.example.com/contact,0
https://user-824.security-confirm.test/signin?continue=account,1
https://user-280.security-confirm.test/signin?continue=account,1
http://blog.example.net/terms,0
https://update-375.account-guard.test/signin?continue=account,1
http://news.example.org/users/profile,0
https://example.net/users/profile,0
https://support-726.session-verify.test/signin?continue=account,1
http://billing-539.payment-review.test/signin?continue=account,1
https://login-854.verify-user.test/session/check,1
http://portal.example.org/category/books,0
http://support.example.com/,0
https://blog.example.net/products,0
https://shop.example.com/account,0
https://account-993.signin-portal.test/session/check,1
http://portal.example.org/account,0
http://account-420.login-alert.test/auth/validate,1
https://secure-314.account-verify.test/session/check,1
http://account-468.signin-portal.test/security/validation,1
https://secure-54.account-verify.test/session/check,1
http://portal.example.org/orders/history,0
https://example.org/account,0
https://docs.example.net/blog/article-1,0
http://account-831.login-alert.test/auth/validate,1
http://user-811.security-confirm.test/auth/validate,1
https://support.example.com/products?id=123,0
http://account-272.login-alert.test/account/password-reset,1
http://example.org/search?q=books,0
http://user-384.security-confirm.test/payment/confirm,1
https://update-721.account-guard.test/secure/update,1
https://shop.example.com/users/profile,0
http://portal.example.org/terms,0
https://login-703.verify-user.test/account/verify,1
http://example.net/,0
http://news.example.org/,0
http://secure-226.payment-check.test/payment/confirm,1
https://support-761.session-verify.test/auth/validate,1
http://login-813.verify-user.test/signin?continue=account,1
https://shop.example.com/privacy,0
http://shop.example.com/search?q=books,0
http://auth-928.identity-check.test/security/validation,1
http://user-155.security-confirm.test/session/check,1
http://account-806.login-alert.test/user/restore-access,1
https://login-926.verify-user.test/account/password-reset,1
https://user-687.security-confirm.test/security/validation,1
http://account-808.login-alert.test/user/restore-access,1
https://example.net/about,0
https://account-458.login-alert.test/security/validation,1
http://news.example.org/users/profile,0
https://docs.example.net/users/profile,0
http://secure-221.account-verify.test/security/validation,1
http://docs.example.net/search?q=books,0
http://update-485.account-guard.test/login/confirm,1
https://billing-855.payment-review.test/session/check,1
http://billing-99.payment-review.test/account/verify,1
http://example.net/help,0
http://login-503.verify-user.test/session/check,1
https://support.example.com/help,0
https://user-808.security-confirm.test/signin?continue=account,1
http://example.net/users/profile,0
http://docs.example.net/products,0
https://portal.example.org/contact,0
http://update-649.account-guard.test/signin?continue=account,1
http://shop.example.com/about,0
https://example.com/about,0
http://news.example.org/,0
http://shop.example.com/terms,0
http://account-319.login-alert.test/security/validation,1
http://example.org/blog/article-1,0
http://auth-516.identity-check.test/secure/update,1
https://billing-655.payment-review.test/user/restore-access,1
https://news.example.org/products?id=123,0
https://account-93.login-alert.test/login/confirm,1
https://news.example.org/products?id=123,0
https://news.example.org/account,0
https://example.org/about,0
https://example.com/category/books,0
http://auth-460.identity-check.test/user/restore-access,1
http://user-68.security-confirm.test/account/verify,1
http://secure-210.payment-check.test/login/confirm,1
https://secure-406.payment-check.test/security/validation,1
http://auth-460.identity-check.test/account/verify,1
http://user-329.security-confirm.test/signin?continue=account,1
https://example.net/products,0
http://support-303.session-verify.test/login/confirm,1
https://example.net/orders/history,0
http://login-972.verify-user.test/session/check,1
http://docs.example.net/users/profile,0
http://blog.example.net/users/profile,0
http://user-360.security-confirm.test/auth/validate,1
http://account-603.signin-portal.test/account/verify,1
https://shop.example.com/pricing,0
https://login-130.verify-user.test/login/confirm,1
http://example.com/category/books,0
http://example.org/contact,0
https://portal.example.org/products,0
http://auth-902.identity-check.test/session/check,1
http://news.example.org/orders/history,0
https://news.example.org/products?id=123,0
https://billing-45.payment-review.test/account/verify,1
https://example.org/search?q=books,0
https://secure-491.payment-check.test/payment/confirm,1
http://login-150.verify-user.test/login/confirm,1
http://account-617.login-alert.test/auth/validate,1
https://secure-563.account-verify.test/auth/validate,1
http://blog.example.net/help,0
http://docs.example.net/about,0
https://example.org/faq,0
https://login-421.verify-user.test/account/verify,1
http://example.net/orders/history,0
http://news.example.org/users/profile,0
https://secure-204.account-verify.test/payment/confirm,1
https://billing-911.payment-review.test/payment/confirm,1
http://billing-834.payment-review.test/security/validation,1
https://blog.example.net/docs,0
https://blog.example.net/account,0
https://example.org/help,0
http://docs.example.net/blog/article-1,0
https://support-700.session-verify.test/secure/update,1
http://example.net/help,0
https://billing-753.payment-review.test/account/verify,1
http://shop.example.com/products?id=123,0
http://support-472.session-verify.test/account/verify,1
https://portal.example.org/blog/article-1,0
https://support.example.com/account,0
https://portal.example.org/about,0
http://support-710.session-verify.test/payment/confirm,1
http://example.org/category/books,0
https://login-482.verify-user.test/account/verify,1
https://support.example.com/account,0
https://example.org/help,0
https://portal.example.org/privacy,0
http://support-952.session-verify.test/login/confirm,1
https://docs.example.net/search?q=books,0
https://support-222.session-verify.test/secure/update,1
https://billing-617.payment-review.test/auth/validate,1
http://user-107.security-confirm.test/user/restore-access,1
https://user-953.security-confirm.test/account/password-reset,1
https://update-274.account-guard.test/account/password-reset,1
https://example.org/docs,0
https://account-180.login-alert.test/signin?continue=account,1
https://support.example.com/,0
http://news.example.org/faq,0
http://secure-294.payment-check.test/session/check,1
https://portal.example.org/orders/history,0
http://auth-38.identity-check.test/login/confirm,1
http://billing-180.payment-review.test/secure/update,1
https://example.org/products?id=123,0
http://news.example.org/category/books,0
https://shop.example.com/products,0
https://example.org/category/books,0
http://user-7.security-confirm.test/auth/validate,1
http://support.example.com/blog/article-1,0
https://account-975.login-alert.test/session/check,1
https://account-280.login-alert.test/login/confirm,1
https://news.example.org/blog/article-1,0
https://secure-992.payment-check.test/login/confirm,1
http://portal.example.org/,0
https://secure-86.account-verify.test/auth/validate,1
http://user-119.security-confirm.test/payment/confirm,1
http://billing-895.payment-review.test/session/check,1
https://update-62.account-guard.test/user/restore-access,1
http://support.example.com/terms,0
https://account-396.signin-portal.test/signin?continue=account,1
https://update-695.account-guard.test/payment/confirm,1
https://account-562.login-alert.test/user/restore-access,1
https://auth-44.identity-check.test/account/verify,1
http://blog.example.net/docs,0
https://portal.example.org/docs,0
http://docs.example.net/about,0
https://login-145.verify-user.test/secure/update,1
http://example.org/pricing,0
https://example.com/about,0
http://auth-931.identity-check.test/user/restore-access,1
https://shop.example.com/docs,0
http://support-674.session-verify.test/payment/confirm,1
http://example.com/docs,0
http://news.example.org/search?q=books,0
https://docs.example.net/terms,0
http://example.net/account,0
http://docs.example.net/docs,0
https://news.example.org/terms,0
https://secure-462.payment-check.test/signin?continue=account,1
https://secure-858.account-verify.test/user/restore-access,1
http://secure-94.payment-check.test/secure/update,1
http://secure-655.account-verify.test/account/password-reset,1
https://auth-35.identity-check.test/user/restore-access,1
https://support.example.com/search?q=books,0
https://user-873.security-confirm.test/security/validation,1
http://example.org/docs,0
http://news.example.org/docs,0
https://account-765.signin-portal.test/signin?continue=account,1
http://secure-806.payment-check.test/account/verify,1
http://example.com/search?q=books,0
http://news.example.org/products?id=123,0
http://portal.example.org/products?id=123,0
https://example.net/users/profile,0
http://update-933.account-guard.test/session/check,1
https://blog.example.net/,0
https://account-46.login-alert.test/account/verify,1
https://update-898.account-guard.test/account/verify,1
https://docs.example.net/products?id=123,0
http://auth-595.identity-check.test/security/validation,1
http://account-711.login-alert.test/login/confirm,1
https://support-147.session-verify.test/secure/update,1
https://support.example.com/faq,0
http://account-759.login-alert.test/account/password-reset,1
https://support-499.session-verify.test/security/validation,1
http://example.org/docs,0
https://auth-956.identity-check.test/login/confirm,1
http://account-636.signin-portal.test/login/confirm,1
https://login-630.verify-user.test/user/restore-access,1
https://account-264.login-alert.test/session/check,1
https://auth-350.identity-check.test/auth/validate,1
http://blog.example.net/users/profile,0
http://account-673.login-alert.test/session/check,1
https://auth-378.identity-check.test/login/confirm,1
https://portal.example.org/products?id=123,0
https://support.example.com/products?id=123,0
https://news.example.org/contact,0
http://example.com/about,0
http://account-141.signin-portal.test/auth/validate,1
http://billing-794.payment-review.test/account/verify,1
http://portal.example.org/category/books,0
https://portal.example.org/users/profile,0
http://example.com/faq,0
http://shop.example.com/blog/article-1,0
https://news.example.org/category/books,0
https://account-751.signin-portal.test/signin?continue=account,1
https://billing-94.payment-review.test/secure/update,1
https://support.example.com/category/books,0
https://example.net/search?q=books,0
https://account-600.login-alert.test/payment/confirm,1
http://news.example.org/pricing,0
http://billing-373.payment-review.test/security/validation,1
http://example.net/privacy,0
http://account-544.signin-portal.test/payment/confirm,1
https://secure-635.payment-check.test/security/validation,1
https://secure-471.payment-check.test/signin?continue=account,1
http://support.example.com/terms,0
https://support.example.com/docs,0
http://update-474.account-guard.test/payment/confirm,1
http://update-257.account-guard.test/auth/validate,1
https://shop.example.com/products?id=123,0
http://billing-383.payment-review.test/login/confirm,1
http://secure-739.account-verify.test/account/verify,1
https://support-227.session-verify.test/signin?continue=account,1
http://example.net/docs,0
https://billing-348.payment-review.test/auth/validate,1
http://account-350.signin-portal.test/session/check,1
https://support-71.session-verify.test/secure/update,1
https://example.org/search?q=books,0
https://blog.example.net/search?q=books,0
http://secure-997.payment-check.test/user/restore-access,1
https://docs.example.net/products?id=123,0
http://login-852.verify-user.test/signin?continue=account,1
http://account-704.login-alert.test/session/check,1
http://login-795.verify-user.test/login/confirm,1
http://news.example.org/orders/history,0
http://update-536.account-guard.test/user/restore-access,1
https://account-707.login-alert.test/session/check,1
http://auth-240.identity-check.test/security/validation,1
http://shop.example.com/products?id=123,0
http://auth-956.identity-check.test/account/verify,1
http://example.org/products,0
http://portal.example.org/products,0
http://update-589.account-guard.test/secure/update,1
http://account-586.signin-portal.test/payment/confirm,1
http://example.com/search?q=books,0
http://account-29.signin-portal.test/account/verify,1
http://auth-83.identity-check.test/user/restore-access,1
http://billing-865.payment-review.test/signin?continue=account,1
https://support.example.com/terms,0
http://news.example.org/,0
http://billing-604.payment-review.test/payment/confirm,1
http://support-386.session-verify.test/auth/validate,1
http://user-898.security-confirm.test/user/restore-access,1
http://support.example.com/,0
https://user-422.security-confirm.test/session/check,1
http://secure-811.payment-check.test/secure/update,1
https://billing-892.payment-review.test/login/confirm,1
https://example.net/pricing,0
https://user-111.security-confirm.test/secure/update,1
http://login-330.verify-user.test/user/restore-access,1
https://user-382.security-confirm.test/login/confirm,1
https://user-848.security-confirm.test/session/check,1
https://example.com/about,0
https://blog.example.net/docs,0
http://blog.example.net/blog/article-1,0
https://login-283.verify-user.test/payment/confirm,1
https://user-341.security-confirm.test/security/validation,1
https://example.org/blog/article-1,0
https://billing-463.payment-review.test/secure/update,1
https://example.net/about,0
http://account-658.signin-portal.test/user/restore-access,1
http://support.example.com/docs,0
https://secure-135.payment-check.test/account/password-reset,1
https://support-659.session-verify.test/user/restore-access,1
https://example.org/privacy,0
http://login-537.verify-user.test/account/verify,1
https://billing-748.payment-review.test/signin?continue=account,1
https://shop.example.com/account,0
http://support.example.com/orders/history,0
https://example.org/pricing,0
http://update-386.account-guard.test/account/verify,1
http://blog.example.net/search?q=books,0
https://example.org/category/books,0
https://example.com/help,0
https://secure-513.account-verify.test/security/validation,1
http://update-309.account-guard.test/session/check,1
https://blog.example.net/help,0
http://account-622.signin-portal.test/account/verify,1
https://example.net/about,0
https://blog.example.net/users/profile,0
https://billing-612.payment-review.test/security/validation,1
https://news.example.org/pricing,0
https://billing-180.payment-review.test/auth/validate,1
https://portal.example.org/blog/article-1,0
https://blog.example.net/search?q=books,0
http://login-896.verify-user.test/session/check,1
https://blog.example.net/docs,0
https://account-531.signin-portal.test/account/verify,1
http://secure-591.account-verify.test/account/password-reset,1
https://example.net/users/profile,0
http://login-781.verify-user.test/login/confirm,1
https://support.example.com/help,0
https://news.example.org/search?q=books,0
http://portal.example.org/category/books,0
https://example.org/pricing,0
https://update-139.account-guard.test/payment/confirm,1
https://docs.example.net/search?q=books,0
https://blog.example.net/search?q=books,0
https://user-956.security-confirm.test/login/confirm,1
http://update-418.account-guard.test/signin?continue=account,1
http://blog.example.net/contact,0
http://user-642.security-confirm.test/session/check,1
http://docs.example.net/faq,0
https://user-441.security-confirm.test/signin?continue=account,1
https://example.com/pricing,0
https://example.com/pricing,0
http://example.net/pricing,0
http://blog.example.net/contact,0
https://user-106.security-confirm.test/signin?continue=account,1
http://shop.example.com/pricing,0
https://login-243.verify-user.test/payment/confirm,1
http://example.org/search?q=books,0
https://auth-801.identity-check.test/login/confirm,1
https://example.com/category/books,0
http://example.com/docs,0
https://shop.example.com/users/profile,0
https://account-47.login-alert.test/account/password-reset,1
https://login-407.verify-user.test/account/password-reset,1
http://shop.example.com/,0
https://blog.example.net/faq,0
http://example.com/contact,0
https://support.example.com/account,0
https://example.com/docs,0
https://support-440.session-verify.test/user/restore-access,1
http://secure-880.account-verify.test/auth/validate,1
http://billing-282.payment-review.test/account/password-reset,1
http://user-318.security-confirm.test/payment/confirm,1
http://blog.example.net/orders/history,0
https://example.com/search?q=books,0
http://account-293.signin-portal.test/account/verify,1
